INSERT INTO Sub_Plan VALUES (1, 9);
INSERT INTO Sub_Plan VALUES (2, 7);
INSERT INTO Sub_Plan VALUES (3, 5);
INSERT INTO Sub_Plan VALUES (4, 3);

INSERT INTO Address VALUES (0, 'WV', 'Fairmont', '123 Easy St', 26501);
INSERT INTO Address VALUES (0, 'NY', 'New York City', 'Main St', 90121);
INSERT INTO Address VALUES (0, 'TX', 'Houston', '192 Hick Rd', 12345);
INSERT INTO Address VALUES (0, 'CA', 'Hollywood', 'Bollywood Ln', 90210);

INSERT INTO Users VALUES('test1@name.com', 'John Smith', 'pass', '9991829145', 2, 0, 4);
INSERT INTO Users VALUES('admin@name.com', 'Jane Smith', 'pass', '8888888888', 1, 1, 1);

INSERT INTO Awards VALUES(0, 'Best Cartoon');
INSERT INTO Awards VALUES(0, 'Worst Game');
INSERT INTO Awards VALUES(0, 'Okayest Soundtrack');
INSERT INTO Awards VALUES(0, 'Didnt Suck Entirely');

INSERT INTO Cast_Member VALUES (0, 'Connie Webt', 3, 0);
INSERT INTO Cast_Member VALUES (0, 'Chad Lit', 4, 1);

INSERT INTO Entertainment VALUES(0, 'The Time Before Land', 'June 3 1980', 'Cartoon', 3, '1', 0, 'DVD', '1');
INSERT INTO Entertainment VALUES(0, 'The Time Before Land 2', 'June 4 1980', 'Cartoon', 1, '0', 1, 'DVD', '1');
INSERT INTO Entertainment VALUES(0, 'Timestop', 'Decemeber 21 2013', 'Mystery', 0, '3$4', 0, 'Xbox', '1.4');
INSERT INTO Entertainment VALUES(0, 'Remember Remember', 'November 5 1995', 'Comedy', 3, '2', 0, 'PS2', '3.4');
INSERT INTO Entertainment VALUES(0, 'Fake Movie 1', 'November 5 1995', 'Horror', 7, '2', 0, 'DVD', '1');
INSERT INTO Entertainment VALUES(0, 'Fake Movie 2', 'November 6 1995', 'Horror', 4, '2', 0, 'DVD', '2');
INSERT INTO Entertainment VALUES(0, 'Fake Movie 3', 'November 7 1995', 'Horror', 3, '2', 0, 'DVD', '3');
INSERT INTO Entertainment VALUES(0, 'Fake Movie 4', 'November 8 1995', 'Horror', 5, '2', 0, 'DVD', '4');
INSERT INTO Entertainment VALUES(0, 'Fake Movie 5', 'November 9 1995', 'Horror', 6, '2', 0, 'DVD', '5');
INSERT INTO Entertainment VALUES(0, 'Fake Game 1', 'May 5 2005', 'Shooter', 3, '0', 0, 'PS4', '2.2');
INSERT INTO Entertainment VALUES(0, 'Fake Game 2', 'May 5 2006', 'Shooter', 3, '0', 0, 'PS4', '2.3');
INSERT INTO Entertainment VALUES(0, 'Fake Game 3', 'May 5 2007', 'Shooter', 3, '0', 0, 'PS4', '2.4');

INSERT INTO Worked_In VALUES(1, 1);
INSERT INTO Worked_In VALUES(2, 1);
INSERT INTO Worked_In VALUES(2, 2);

INSERT INTO Rent_History VALUES (0, 1, 'test1@name.com', '2008-09-09 12:12:12', 0);
INSERT INTO Rent_History VALUES (0, 6, 'test1@name.com', '2007-09-09 12:12:12', 0);
INSERT INTO Rent_History VALUES (0, 3, 'test1@name.com', '2003-12-10 12:12:12', '2022-12-10 12:12:12');
INSERT INTO Rent_History VALUES (0, 2, 'test1@name.com', '2004-05-09 12:12:12', 0);
INSERT INTO Rent_History VALUES (0, 7, 'test1@name.com', '2018-11-07 12:12:12', 0);
INSERT INTO Rent_History VALUES (0, 5, 'test1@name.com', '2018-11-07 12:12:12', 0);
INSERT INTO Rent_History VALUES (0, 4, 'test1@name.com', '2018-11-07 12:12:12', 0);
INSERT INTO Rent_History VALUES (0, 4, 'admin@name.com', '2018-11-07 12:12:12', 0);
INSERT INTO Rent_History VALUES (0, 3, 'admin@name.com', '2018-11-07 12:12:12', 0);
INSERT INTO Rent_History VALUES (0, 4, 'admin@name.com', '2018-11-07 12:12:12', 0);
INSERT INTO Rent_History VALUES (0, 4, 'admin@name.com', '2018-10-20 12:12:12', 0);
INSERT INTO Rent_History VALUES (0, 4, 'admin@name.com', '2018-10-20 12:12:12', 0);
INSERT INTO Rent_History VALUES (0, 4, 'admin@name.com', '2018-10-20 12:12:12', 0);
INSERT INTO Rent_History VALUES (0, 4, 'admin@name.com', '2018-10-20 12:12:12', 0);
